order_id,customer_id,order_date,category,order_value,is_returned,satisfaction_score
ORD_5001,CUST_1163,2025-04-16,Beauty,1163.33,False,4
ORD_5002,CUST_1086,2025-07-17,Sports,138.95,False,4
ORD_5003,CUST_1178,2025-07-22,Home & Kitchen,800.16,False,5
ORD_5004,CUST_1010,2025-07-18,Electronics,387.7,False,4
ORD_5005,CUST_1132,2025-08-21,Electronics,794.33,False,4
ORD_5006,CUST_1014,2025-02-03,Books,443.71,False,4
ORD_5007,CUST_1195,2025-01-25,Apparel,331.46,False,3
ORD_5008,CUST_1113,2025-08-29,Sports,589.38,True,3
ORD_5009,CUST_1156,2025-09-25,Apparel,856.09,False,1
ORD_5010,CUST_1142,2025-03-11,Electronics,281.27,False,1
ORD_5011,CUST_1119,2025-02-21,Sports,1001.09,False,3
ORD_5012,CUST_1131,2025-08-10,Home & Kitchen,507.36,False,4
ORD_5013,CUST_1063,2025-03-18,Books,186.4,False,5
ORD_5014,CUST_1131,2025-08-15,Apparel,1038.87,False,4
ORD_5015,CUST_1088,2025-06-13,Books,331.6,True,3
ORD_5016,CUST_1077,2025-07-22,Books,702.21,False,2
ORD_5017,CUST_1115,2025-08-22,Beauty,423.97,False,5
ORD_5018,CUST_1097,2025-07-21,Home & Kitchen,1045.48,False,2
ORD_5019,CUST_1147,2025-07-05,Apparel,1029.38,False,3
ORD_5020,CUST_1191,2025-07-26,Sports,1097.41,False,2
ORD_5021,CUST_1127,2025-04-18,Apparel,610.22,False,1
ORD_5022,CUST_1113,2025-05-21,Books,1093.87,True,1
ORD_5023,CUST_1105,2025-08-03,Sports,1164.4,True,2
ORD_5024,CUST_1087,2025-08-31,Sports,486.02,True,2
ORD_5025,CUST_1173,2025-09-23,Books,465.31,False,4
ORD_5026,CUST_1139,2025-06-29,Books,96.08,False,3
ORD_5027,CUST_1059,2025-07-08,Electronics,529.26,True,3
ORD_5028,CUST_1181,2025-09-23,Electronics,540.76,False,1
ORD_5029,CUST_1012,2025-07-13,Electronics,362.64,False,2
ORD_5030,CUST_1063,2025-03-27,Beauty,685.62,False,2
ORD_5031,CUST_1045,2025-04-13,Books,1046.94,False,2
ORD_5032,CUST_1128,2025-07-29,Books,184.59,False,3
ORD_5033,CUST_1118,2025-04-11,Sports,26.14,False,3
ORD_5034,CUST_1174,2025-05-01,Apparel,102.53,False,5
ORD_5035,CUST_1077,2025-06-26,Beauty,833.02,False,3
ORD_5036,CUST_1051,2025-07-07,Beauty,141.38,False,3
ORD_5037,CUST_1148,2025-04-13,Sports,364.85,False,4
ORD_5038,CUST_1071,2025-04-10,Books,1040.1,False,1
ORD_5039,CUST_1156,2025-09-18,Beauty,1001.91,False,2
ORD_5040,CUST_1156,2025-09-25,Home & Kitchen,274.52,False,3
ORD_5041,CUST_1174,2025-05-28,Sports,924.45,False,2
ORD_5042,CUST_1161,2025-02-23,Sports,780.91,False,4
ORD_5043,CUST_1009,2025-09-06,Home & Kitchen,882.85,True,2
ORD_5044,CUST_1084,2025-09-19,Beauty,223.13,False,5
ORD_5045,CUST_1094,2025-05-18,Books,1097.48,False,3
ORD_5046,CUST_1124,2025-09-11,Home & Kitchen,899.67,False,1
ORD_5047,CUST_1120,2025-03-15,Apparel,908.67,False,4
ORD_5048,CUST_1143,2025-05-26,Electronics,951.96,True,3
ORD_5049,CUST_1032,2025-03-02,Home & Kitchen,812.3,False,5
ORD_5050,CUST_1098,2025-06-12,Sports,1129.25,True,1
ORD_5051,CUST_1121,2025-05-28,Books,1062.82,False,5
ORD_5052,CUST_1057,2025-09-01,Electronics,767.95,False,3
ORD_5053,CUST_1167,2025-07-02,Electronics,180.64,False,3
ORD_5054,CUST_1127,2025-04-28,Electronics,293.24,False,4
ORD_5055,CUST_1117,2025-03-26,Sports,1140.02,False,5
ORD_5056,CUST_1108,2025-05-11,Sports,876.02,False,1
ORD_5057,CUST_1126,2025-08-17,Beauty,1127.78,False,3
ORD_5058,CUST_1056,2025-05-13,Beauty,1141.41,False,1
ORD_5059,CUST_1176,2025-05-24,Books,1083.51,False,1
ORD_5060,CUST_1102,2025-04-05,Apparel,1162.33,False,4
ORD_5061,CUST_1024,2025-09-09,Apparel,775.42,False,1
ORD_5062,CUST_1013,2025-07-29,Home & Kitchen,303.63,False,5
ORD_5063,CUST_1053,2025-04-16,Books,260.48,False,2
ORD_5064,CUST_1085,2025-04-29,Apparel,949.54,False,3
ORD_5065,CUST_1038,2025-02-26,Books,312.03,False,1
ORD_5066,CUST_1034,2025-06-30,Home & Kitchen,951.13,False,3
ORD_5067,CUST_1005,2025-03-27,Home & Kitchen,77.09,False,5
ORD_5068,CUST_1030,2025-09-04,Electronics,579.35,False,5
ORD_5069,CUST_1152,2025-02-13,Beauty,612.05,False,1
ORD_5070,CUST_1187,2025-06-29,Sports,632.92,False,1
ORD_5071,CUST_1016,2025-03-27,Beauty,520.13,True,3
ORD_5072,CUST_1114,2025-04-22,Electronics,396.7,False,2
ORD_5073,CUST_1071,2025-06-27,Sports,708.66,False,4
ORD_5074,CUST_1153,2025-08-31,Home & Kitchen,552.65,False,1
ORD_5075,CUST_1180,2025-01-16,Sports,786.34,False,2
ORD_5076,CUST_1111,2025-04-23,Apparel,505.37,False,4
ORD_5077,CUST_1107,2025-04-21,Electronics,385.37,False,3
ORD_5078,CUST_1096,2025-07-16,Sports,1108.74,True,1
ORD_5079,CUST_1024,2025-08-11,Electronics,897.34,False,2
ORD_5080,CUST_1143,2025-04-17,Books,1148.6,False,1
ORD_5081,CUST_1106,2025-04-25,Sports,1130.24,False,1
ORD_5082,CUST_1074,2025-08-28,Home & Kitchen,431.7,False,2
ORD_5083,CUST_1040,2025-06-21,Beauty,280.73,True,3
ORD_5084,CUST_1095,2025-06-28,Home & Kitchen,695.31,False,5
ORD_5085,CUST_1197,2025-05-18,Books,742.08,False,1
ORD_5086,CUST_1156,2025-10-11,Sports,997.91,False,2
ORD_5087,CUST_1070,2025-04-26,Home & Kitchen,1107.02,False,2
ORD_5088,CUST_1037,2025-05-25,Sports,489.93,False,1
ORD_5089,CUST_1024,2025-09-20,Books,269.93,False,3
ORD_5090,CUST_1041,2025-03-16,Home & Kitchen,870.09,False,5
ORD_5091,CUST_1153,2025-07-05,Electronics,199.36,False,1
ORD_5092,CUST_1173,2025-06-16,Home & Kitchen,540.09,False,5
ORD_5093,CUST_1114,2025-06-05,Home & Kitchen,270.45,False,3
ORD_5094,CUST_1111,2025-03-11,Home & Kitchen,818.69,False,5
ORD_5095,CUST_1171,2025-07-23,Electronics,276.31,False,1
ORD_5096,CUST_1002,2025-02-25,Home & Kitchen,1135.21,False,3
ORD_5097,CUST_1075,2025-05-16,Electronics,24.16,False,2
ORD_5098,CUST_1034,2025-08-16,Books,848.85,False,3
ORD_5099,CUST_1019,2025-06-30,Sports,65.13,True,1
ORD_5100,CUST_1081,2025-05-23,Beauty,694.48,False,4
ORD_5101,CUST_1075,2025-04-19,Beauty,39.72,False,5
ORD_5102,CUST_1118,2025-06-24,Sports,1104.93,True,1
ORD_5103,CUST_1063,2025-03-15,Books,489.53,True,2
ORD_5104,CUST_1191,2025-07-09,Apparel,409.69,False,5
ORD_5105,CUST_1163,2025-01-16,Books,619.29,False,3
ORD_5106,CUST_1090,2025-06-06,Sports,980.82,False,2
ORD_5107,CUST_1066,2025-03-26,Apparel,728.84,False,1
ORD_5108,CUST_1046,2025-07-07,Sports,600.53,False,5
ORD_5109,CUST_1115,2025-09-10,Books,776.95,False,3
ORD_5110,CUST_1161,2025-03-23,Apparel,536.12,False,3
ORD_5111,CUST_1071,2025-06-23,Electronics,432.05,True,2
ORD_5112,CUST_1116,2025-05-03,Electronics,451.95,False,1
ORD_5113,CUST_1158,2025-04-16,Books,470.61,False,1
ORD_5114,CUST_1116,2025-08-23,Books,787.43,False,4
ORD_5115,CUST_1129,2025-03-18,Electronics,548.87,False,3
ORD_5116,CUST_1183,2025-05-17,Books,780.66,True,3
ORD_5117,CUST_1113,2025-07-04,Books,634.46,False,3
ORD_5118,CUST_1073,2025-06-16,Beauty,932.74,False,1
ORD_5119,CUST_1162,2025-07-19,Home & Kitchen,93.11,True,3
ORD_5120,CUST_1099,2025-08-01,Home & Kitchen,872.62,False,5
ORD_5121,CUST_1039,2025-04-09,Electronics,705.55,False,3
ORD_5122,CUST_1080,2025-09-13,Sports,799.63,False,1
ORD_5123,CUST_1080,2025-09-01,Beauty,777.54,False,2
ORD_5124,CUST_1172,2025-08-08,Sports,1196.64,False,1
ORD_5125,CUST_1166,2025-05-12,Beauty,617.56,True,2
ORD_5126,CUST_1047,2025-07-02,Home & Kitchen,1137.99,False,2
ORD_5127,CUST_1036,2025-04-18,Electronics,365.51,False,5
ORD_5128,CUST_1198,2025-04-13,Sports,1062.16,True,2
ORD_5129,CUST_1197,2025-04-23,Apparel,722.74,False,2
ORD_5130,CUST_1178,2025-08-26,Books,973.72,False,4
ORD_5131,CUST_1012,2025-07-24,Home & Kitchen,816.49,False,4
ORD_5132,CUST_1157,2025-05-05,Sports,943.8,False,2
ORD_5133,CUST_1080,2025-10-03,Beauty,1086.21,False,5
ORD_5134,CUST_1113,2025-07-07,Home & Kitchen,937.08,False,4
ORD_5135,CUST_1042,2025-05-09,Apparel,964.49,False,3
ORD_5136,CUST_1014,2025-04-02,Beauty,1050.83,False,1
ORD_5137,CUST_1183,2025-08-23,Books,1023.63,False,2
ORD_5138,CUST_1070,2025-03-25,Books,189.61,False,2
ORD_5139,CUST_1116,2025-08-20,Home & Kitchen,1117.61,False,4
ORD_5140,CUST_1129,2025-04-15,Apparel,472.61,True,1
ORD_5141,CUST_1008,2025-03-09,Electronics,1009.42,False,2
ORD_5142,CUST_1036,2025-04-03,Home & Kitchen,1102.11,False,2
ORD_5143,CUST_1195,2025-04-19,Beauty,546.59,True,1
ORD_5144,CUST_1005,2025-04-06,Apparel,1004.43,False,5
ORD_5145,CUST_1136,2025-04-05,Electronics,934.76,False,1
ORD_5146,CUST_1013,2025-05-20,Beauty,772.16,False,1
ORD_5147,CUST_1029,2025-08-11,Beauty,722.14,True,3
ORD_5148,CUST_1148,2025-04-06,Sports,185.14,False,5
ORD_5149,CUST_1091,2025-03-14,Books,508.63,False,1
ORD_5150,CUST_1135,2025-03-17,Electronics,1144.78,False,5
ORD_5151,CUST_1142,2025-01-20,Beauty,1049.9,True,2
ORD_5152,CUST_1096,2025-07-29,Sports,34.25,False,3
ORD_5153,CUST_1062,2025-10-02,Sports,759.48,False,3
ORD_5154,CUST_1035,2025-04-25,Home & Kitchen,662.03,False,2
ORD_5155,CUST_1200,2025-07-29,Beauty,1177.27,False,2
ORD_5156,CUST_1035,2025-04-28,Sports,934.79,False,3
ORD_5157,CUST_1052,2025-02-07,Apparel,1064.66,False,3
ORD_5158,CUST_1132,2025-06-27,Books,575.98,True,3
ORD_5159,CUST_1049,2025-02-18,Home & Kitchen,1036.63,True,3
ORD_5160,CUST_1085,2025-02-23,Electronics,962.22,False,4
ORD_5161,CUST_1191,2025-07-22,Beauty,416.76,False,4
ORD_5162,CUST_1095,2025-10-10,Books,331.06,True,2
ORD_5163,CUST_1021,2025-03-04,Books,1194.19,False,3
ORD_5164,CUST_1083,2025-07-08,Electronics,403.59,False,4
ORD_5165,CUST_1155,2025-06-10,Beauty,212.47,False,4
ORD_5166,CUST_1011,2025-04-27,Home & Kitchen,743.6,False,1
ORD_5167,CUST_1020,2025-08-29,Sports,496.36,False,2
ORD_5168,CUST_1008,2025-02-15,Books,818.54,False,2
ORD_5169,CUST_1018,2025-04-01,Sports,449.1,False,5
ORD_5170,CUST_1009,2025-09-09,Apparel,819.69,False,3
ORD_5171,CUST_1114,2025-07-19,Electronics,695.1,False,4
ORD_5172,CUST_1081,2025-06-02,Home & Kitchen,310.79,True,3
ORD_5173,CUST_1048,2025-05-12,Books,473.58,False,3
ORD_5174,CUST_1199,2025-07-22,Sports,543.83,False,3
ORD_5175,CUST_1178,2025-09-14,Beauty,252.21,False,1
ORD_5176,CUST_1116,2025-05-21,Sports,542.46,True,3
ORD_5177,CUST_1082,2025-09-23,Home & Kitchen,855.81,False,3
ORD_5178,CUST_1077,2025-07-23,Apparel,858.49,False,2
ORD_5179,CUST_1093,2025-06-13,Apparel,158.81,False,2
ORD_5180,CUST_1061,2025-06-01,Beauty,46.15,False,3
ORD_5181,CUST_1120,2025-06-16,Books,168.78,False,1
ORD_5182,CUST_1080,2025-08-11,Sports,866.86,False,4
ORD_5183,CUST_1148,2025-03-16,Apparel,1167.27,False,4
ORD_5184,CUST_1120,2025-06-01,Books,423.25,False,5
ORD_5185,CUST_1164,2025-05-24,Apparel,924.82,False,5
ORD_5186,CUST_1015,2025-04-25,Electronics,628.95,False,2
ORD_5187,CUST_1083,2025-10-22,Sports,282.18,False,5
ORD_5188,CUST_1073,2025-08-14,Electronics,311.97,False,5
ORD_5189,CUST_1071,2025-04-25,Sports,373.85,False,5
ORD_5190,CUST_1165,2025-05-31,Books,1130.8,False,5
ORD_5191,CUST_1185,2025-05-25,Books,415.08,False,1
ORD_5192,CUST_1008,2025-02-07,Electronics,1139.03,False,3
ORD_5193,CUST_1167,2025-06-06,Books,508.66,False,4
ORD_5194,CUST_1161,2025-04-21,Home & Kitchen,775.66,False,2
ORD_5195,CUST_1176,2025-05-28,Home & Kitchen,552.45,False,2
ORD_5196,CUST_1113,2025-07-01,Beauty,565.36,False,2
ORD_5197,CUST_1081,2025-06-29,Sports,393.39,False,3
ORD_5198,CUST_1103,2025-01-26,Home & Kitchen,625.25,True,1
ORD_5199,CUST_1120,2025-03-21,Home & Kitchen,547.77,False,1
ORD_5200,CUST_1075,2025-05-24,Books,510.49,False,2
ORD_5201,CUST_1084,2025-10-13,Books,869.54,False,2
ORD_5202,CUST_1128,2025-06-08,Beauty,606.03,False,1
ORD_5203,CUST_1024,2025-08-06,Books,556.82,False,5
ORD_5204,CUST_1091,2025-02-18,Electronics,348.41,False,4
ORD_5205,CUST_1074,2025-08-20,Electronics,1018.9,False,3
ORD_5206,CUST_1187,2025-05-06,Beauty,448.64,False,5
ORD_5207,CUST_1144,2025-05-03,Home & Kitchen,670.57,True,3
ORD_5208,CUST_1116,2025-08-04,Books,346.47,False,5
ORD_5209,CUST_1031,2025-03-30,Electronics,481.78,False,3
ORD_5210,CUST_1143,2025-05-26,Apparel,250.88,False,5
ORD_5211,CUST_1011,2025-01-29,Electronics,177.39,False,4
ORD_5212,CUST_1133,2025-03-24,Apparel,733.42,False,3
ORD_5213,CUST_1157,2025-05-09,Apparel,480.65,False,3
ORD_5214,CUST_1152,2025-03-15,Books,996.52,False,5
ORD_5215,CUST_1077,2025-06-05,Electronics,451.5,False,4
ORD_5216,CUST_1150,2025-02-12,Sports,1048.44,False,5
ORD_5217,CUST_1122,2025-06-21,Sports,942.74,False,5
ORD_5218,CUST_1059,2025-07-05,Electronics,706.48,False,5
ORD_5219,CUST_1199,2025-10-04,Beauty,190.11,False,1
ORD_5220,CUST_1147,2025-08-14,Electronics,241.08,False,4
ORD_5221,CUST_1039,2025-04-19,Sports,256.61,False,5
ORD_5222,CUST_1121,2025-09-13,Sports,876.97,False,5
ORD_5223,CUST_1054,2025-04-03,Home & Kitchen,1197.78,False,4
ORD_5224,CUST_1081,2025-04-02,Beauty,1095.87,False,3
ORD_5225,CUST_1174,2025-05-30,Sports,821.68,False,3
ORD_5226,CUST_1157,2025-05-30,Apparel,1149.44,False,3
ORD_5227,CUST_1058,2025-07-17,Home & Kitchen,850.31,False,4
ORD_5228,CUST_1082,2025-08-30,Home & Kitchen,679.18,False,3
ORD_5229,CUST_1074,2025-06-28,Books,816.8,False,4
ORD_5230,CUST_1089,2025-08-24,Apparel,359.19,False,1
ORD_5231,CUST_1089,2025-09-13,Beauty,792.33,False,2
ORD_5232,CUST_1052,2025-05-18,Books,336.29,False,3
ORD_5233,CUST_1036,2025-04-12,Books,892.96,False,1
ORD_5234,CUST_1172,2025-09-03,Books,282.42,False,1
ORD_5235,CUST_1106,2025-04-22,Sports,574.8,False,2
ORD_5236,CUST_1002,2025-04-10,Apparel,497.19,False,4
ORD_5237,CUST_1123,2025-06-01,Apparel,910.75,False,3
ORD_5238,CUST_1166,2025-02-23,Electronics,787.97,False,1
ORD_5239,CUST_1045,2025-05-26,Apparel,1121.7,True,2
ORD_5240,CUST_1127,2025-05-07,Sports,1155.13,False,1
ORD_5241,CUST_1003,2025-02-15,Books,729.3,False,3
ORD_5242,CUST_1073,2025-06-25,Sports,658.81,False,2
ORD_5243,CUST_1130,2025-04-06,Home & Kitchen,243.48,True,1
ORD_5244,CUST_1188,2025-05-01,Sports,319.86,False,3
ORD_5245,CUST_1076,2025-04-25,Sports,912.38,False,4
ORD_5246,CUST_1110,2025-05-27,Home & Kitchen,117.78,False,2
ORD_5247,CUST_1036,2025-05-30,Home & Kitchen,1123.95,True,2
ORD_5248,CUST_1061,2025-04-18,Home & Kitchen,1145.53,False,5
ORD_5249,CUST_1003,2025-02-10,Sports,441.07,False,1
ORD_5250,CUST_1120,2025-04-14,Apparel,495.42,False,3
ORD_5251,CUST_1177,2025-02-27,Sports,1100.61,False,5
ORD_5252,CUST_1057,2025-07-09,Apparel,581.65,False,5
ORD_5253,CUST_1096,2025-08-19,Sports,665.84,False,5
ORD_5254,CUST_1171,2025-09-27,Apparel,917.8,False,5
ORD_5255,CUST_1021,2025-03-16,Beauty,640.89,False,5
ORD_5256,CUST_1029,2025-05-03,Books,1084.92,False,5
ORD_5257,CUST_1039,2025-03-19,Home & Kitchen,1027.57,False,2
ORD_5258,CUST_1184,2025-03-21,Beauty,122.77,False,1
ORD_5259,CUST_1117,2025-02-23,Books,507.28,False,5
ORD_5260,CUST_1119,2025-05-03,Home & Kitchen,872.09,False,1
ORD_5261,CUST_1191,2025-06-23,Books,101.54,False,1
ORD_5262,CUST_1139,2025-07-02,Electronics,1183.57,False,3
ORD_5263,CUST_1105,2025-05-07,Apparel,922.51,False,4
ORD_5264,CUST_1096,2025-10-19,Beauty,546.52,False,4
ORD_5265,CUST_1097,2025-06-03,Sports,1157.51,False,2
ORD_5266,CUST_1168,2025-05-19,Home & Kitchen,155.58,False,4
ORD_5267,CUST_1136,2025-02-26,Sports,1174.79,False,1
ORD_5268,CUST_1077,2025-06-04,Sports,867.13,False,4
ORD_5269,CUST_1059,2025-05-05,Beauty,425.2,False,1
ORD_5270,CUST_1009,2025-10-05,Sports,511.8,False,1
ORD_5271,CUST_1062,2025-07-27,Electronics,134.56,True,3
ORD_5272,CUST_1173,2025-09-04,Electronics,305.01,True,2
ORD_5273,CUST_1060,2025-08-06,Apparel,908.95,False,2
ORD_5274,CUST_1129,2025-04-05,Apparel,981.71,False,3
ORD_5275,CUST_1148,2025-05-22,Sports,984.78,False,2
ORD_5276,CUST_1170,2025-05-24,Apparel,505.07,False,5
ORD_5277,CUST_1152,2025-05-23,Sports,1095.22,False,4
ORD_5278,CUST_1143,2025-06-12,Electronics,1167.16,False,4
ORD_5279,CUST_1135,2025-03-11,Sports,508.34,False,4
ORD_5280,CUST_1048,2025-06-14,Books,576.12,False,3
ORD_5281,CUST_1182,2025-04-12,Beauty,1098.97,False,4
ORD_5282,CUST_1143,2025-06-16,Apparel,475.28,False,3
ORD_5283,CUST_1166,2025-02-26,Beauty,1018.85,True,3
ORD_5284,CUST_1049,2025-01-19,Home & Kitchen,461.94,False,1
ORD_5285,CUST_1019,2025-06-04,Books,873.3,False,4
ORD_5286,CUST_1054,2025-05-13,Home & Kitchen,374.28,False,2
ORD_5287,CUST_1049,2025-04-17,Electronics,900.05,False,2
ORD_5288,CUST_1179,2025-08-02,Sports,257.35,False,5
ORD_5289,CUST_1083,2025-10-02,Home & Kitchen,466.08,False,3
ORD_5290,CUST_1079,2025-03-29,Home & Kitchen,622.69,False,1
ORD_5291,CUST_1185,2025-03-31,Home & Kitchen,1098.48,False,4
ORD_5292,CUST_1012,2025-08-13,Apparel,893.38,True,3
ORD_5293,CUST_1150,2025-03-19,Sports,509.83,False,3
ORD_5294,CUST_1059,2025-05-22,Books,1002.53,False,3
ORD_5295,CUST_1066,2025-06-06,Beauty,1160.31,False,4
ORD_5296,CUST_1118,2025-03-31,Sports,957.05,False,5
ORD_5297,CUST_1126,2025-06-23,Books,1188.53,False,5
ORD_5298,CUST_1009,2025-10-09,Electronics,1135.05,False,1
ORD_5299,CUST_1106,2025-03-28,Sports,289.25,False,1
ORD_5300,CUST_1056,2025-05-21,Beauty,457.24,False,5
ORD_5301,CUST_1124,2025-08-23,Beauty,33.64,False,4
ORD_5302,CUST_1004,2025-03-15,Books,870.8,False,3
ORD_5303,CUST_1005,2025-05-08,Sports,813.73,False,2
ORD_5304,CUST_1028,2025-06-24,Electronics,636.4,False,5
ORD_5305,CUST_1135,2025-03-03,Home & Kitchen,331.78,False,3
ORD_5306,CUST_1104,2025-05-20,Books,303.2,False,3
ORD_5307,CUST_1176,2025-07-21,Electronics,789.68,False,1
ORD_5308,CUST_1024,2025-08-07,Beauty,461.95,False,1
ORD_5309,CUST_1180,2025-01-23,Electronics,607.33,False,3
ORD_5310,CUST_1145,2025-09-20,Electronics,1075.33,False,2
ORD_5311,CUST_1055,2025-09-15,Sports,1066.75,False,1
ORD_5312,CUST_1020,2025-08-31,Home & Kitchen,1080.68,False,1
ORD_5313,CUST_1046,2025-07-27,Home & Kitchen,33.55,False,2
ORD_5314,CUST_1193,2025-05-08,Sports,987.77,False,3
ORD_5315,CUST_1042,2025-04-07,Apparel,686.53,False,5
ORD_5316,CUST_1085,2025-03-10,Sports,180.84,False,1
ORD_5317,CUST_1129,2025-06-02,Home & Kitchen,78.63,False,1
ORD_5318,CUST_1088,2025-05-02,Books,1146.51,False,3
ORD_5319,CUST_1008,2025-04-19,Home & Kitchen,943.5,False,2
ORD_5320,CUST_1092,2025-07-09,Beauty,526.74,False,4
ORD_5321,CUST_1022,2025-08-31,Books,365.02,False,1
ORD_5322,CUST_1022,2025-06-28,Apparel,465.3,False,2
ORD_5323,CUST_1190,2025-04-22,Home & Kitchen,442.43,True,2
ORD_5324,CUST_1114,2025-05-29,Home & Kitchen,136.14,True,2
ORD_5325,CUST_1115,2025-08-25,Books,622.24,True,1
ORD_5326,CUST_1091,2025-04-23,Electronics,722.36,False,4
ORD_5327,CUST_1004,2025-04-19,Beauty,474.54,True,3
ORD_5328,CUST_1063,2025-04-02,Books,215.96,False,2
ORD_5329,CUST_1069,2025-04-09,Home & Kitchen,599.35,True,2
ORD_5330,CUST_1071,2025-06-01,Home & Kitchen,588.81,True,2
ORD_5331,CUST_1064,2025-04-15,Sports,602.53,False,4
ORD_5332,CUST_1028,2025-03-16,Home & Kitchen,23.02,False,5
ORD_5333,CUST_1098,2025-06-09,Home & Kitchen,536.66,False,5
ORD_5334,CUST_1035,2025-05-28,Home & Kitchen,729.81,False,4
ORD_5335,CUST_1081,2025-04-02,Beauty,1162.94,False,4
ORD_5336,CUST_1148,2025-06-15,Apparel,401.18,False,4
ORD_5337,CUST_1094,2025-03-26,Books,251.76,False,2
ORD_5338,CUST_1175,2025-05-19,Books,46.9,False,2
ORD_5339,CUST_1113,2025-08-19,Home & Kitchen,1000.07,True,2
ORD_5340,CUST_1173,2025-08-08,Apparel,765.5,False,2
ORD_5341,CUST_1184,2025-03-01,Beauty,102.65,False,4
ORD_5342,CUST_1150,2025-02-24,Books,615.34,False,4
ORD_5343,CUST_1140,2025-04-24,Home & Kitchen,846.44,False,5
ORD_5344,CUST_1164,2025-07-05,Electronics,144.6,False,3
ORD_5345,CUST_1043,2025-06-30,Books,67.49,False,4
ORD_5346,CUST_1193,2025-03-06,Beauty,140.54,True,1
ORD_5347,CUST_1131,2025-08-15,Books,676.22,False,2
ORD_5348,CUST_1115,2025-08-01,Beauty,563.73,False,5
ORD_5349,CUST_1039,2025-04-11,Electronics,587.08,False,1
ORD_5350,CUST_1030,2025-09-15,Sports,182.89,False,4
ORD_5351,CUST_1053,2025-06-13,Beauty,427.74,True,3
ORD_5352,CUST_1179,2025-07-13,Home & Kitchen,94.6,True,3
ORD_5353,CUST_1030,2025-06-03,Home & Kitchen,782.84,False,2
ORD_5354,CUST_1190,2025-04-04,Books,221.73,False,5
ORD_5355,CUST_1110,2025-05-21,Apparel,960.34,False,2
ORD_5356,CUST_1164,2025-06-02,Beauty,483.77,False,2
ORD_5357,CUST_1116,2025-07-13,Beauty,475.77,False,2
ORD_5358,CUST_1072,2025-06-18,Sports,973.34,True,1
ORD_5359,CUST_1138,2025-03-06,Home & Kitchen,401.29,False,3
ORD_5360,CUST_1172,2025-08-29,Beauty,640.34,False,5
ORD_5361,CUST_1100,2025-06-12,Beauty,710.6,False,4
ORD_5362,CUST_1159,2025-04-09,Sports,851.6,False,5
ORD_5363,CUST_1152,2025-02-10,Sports,173.73,True,2
ORD_5364,CUST_1030,2025-06-24,Home & Kitchen,836.72,False,4
ORD_5365,CUST_1153,2025-07-12,Books,469.7,False,5
ORD_5366,CUST_1178,2025-09-14,Sports,1117.87,False,2
ORD_5367,CUST_1126,2025-07-06,Apparel,236.71,False,5
ORD_5368,CUST_1014,2025-04-30,Home & Kitchen,1142.93,False,2
ORD_5369,CUST_1099,2025-09-05,Books,788.89,False,4
ORD_5370,CUST_1107,2025-04-18,Beauty,594.11,True,1
ORD_5371,CUST_1195,2025-02-16,Home & Kitchen,53.74,False,3
ORD_5372,CUST_1044,2025-05-05,Beauty,685.3,False,4
ORD_5373,CUST_1141,2025-08-07,Electronics,693.67,False,5
ORD_5374,CUST_1094,2025-05-20,Electronics,915.6,False,2
ORD_5375,CUST_1109,2025-06-09,Sports,998.63,False,3
ORD_5376,CUST_1009,2025-08-20,Home & Kitchen,428.06,False,4
ORD_5377,CUST_1031,2025-06-21,Apparel,263.71,False,3
ORD_5378,CUST_1182,2025-06-11,Sports,522.38,False,2
ORD_5379,CUST_1053,2025-07-20,Electronics,690.54,False,5
ORD_5380,CUST_1138,2025-03-04,Home & Kitchen,1175.12,False,5
ORD_5381,CUST_1069,2025-06-19,Books,1182.8,False,1
ORD_5382,CUST_1035,2025-07-25,Beauty,1103.74,False,2
ORD_5383,CUST_1180,2025-04-22,Apparel,310.87,False,2
ORD_5384,CUST_1195,2025-05-06,Sports,480.35,False,3
ORD_5385,CUST_1161,2025-04-05,Beauty,550.61,False,1
ORD_5386,CUST_1104,2025-05-27,Sports,344.7,False,3
ORD_5387,CUST_1117,2025-04-10,Home & Kitchen,704.62,False,1
ORD_5388,CUST_1188,2025-05-01,Sports,802.01,False,1
ORD_5389,CUST_1137,2025-07-31,Apparel,1162.23,False,4
ORD_5390,CUST_1069,2025-04-12,Home & Kitchen,415.24,False,5
ORD_5391,CUST_1125,2025-07-30,Home & Kitchen,1074.57,False,1
ORD_5392,CUST_1026,2025-08-09,Beauty,34.29,False,2
ORD_5393,CUST_1113,2025-07-06,Electronics,1190.33,False,2
ORD_5394,CUST_1167,2025-06-18,Apparel,1051.19,False,1
ORD_5395,CUST_1168,2025-03-16,Home & Kitchen,112.67,False,2
ORD_5396,CUST_1014,2025-03-01,Sports,377.03,False,2
ORD_5397,CUST_1110,2025-06-14,Electronics,848.88,True,2
ORD_5398,CUST_1020,2025-06-21,Books,283.04,False,1
ORD_5399,CUST_1003,2025-04-07,Home & Kitchen,983.27,False,4
ORD_5400,CUST_1178,2025-06-05,Beauty,98.93,False,1
ORD_5401,CUST_1027,2025-05-29,Home & Kitchen,1058.97,False,2
ORD_5402,CUST_1165,2025-08-04,Apparel,96.07,False,5
ORD_5403,CUST_1167,2025-06-01,Beauty,431.16,False,2
ORD_5404,CUST_1106,2025-05-28,Sports,539.22,False,1
ORD_5405,CUST_1036,2025-07-04,Electronics,713.65,False,4
ORD_5406,CUST_1081,2025-06-20,Apparel,308.63,False,2
ORD_5407,CUST_1142,2025-04-04,Books,869.6,False,1
ORD_5408,CUST_1169,2025-10-01,Home & Kitchen,258.45,False,2
ORD_5409,CUST_1192,2025-03-13,Home & Kitchen,780.71,False,2
ORD_5410,CUST_1127,2025-06-02,Electronics,300.68,False,1
ORD_5411,CUST_1136,2025-06-03,Electronics,1184.46,False,2
ORD_5412,CUST_1100,2025-07-14,Books,513.72,False,2
ORD_5413,CUST_1196,2025-07-17,Electronics,34.78,True,2
ORD_5414,CUST_1056,2025-03-23,Electronics,1139.19,False,3
ORD_5415,CUST_1161,2025-05-13,Books,924.03,False,4
ORD_5416,CUST_1022,2025-08-14,Books,652.12,False,1
ORD_5417,CUST_1080,2025-07-02,Books,1106.3,False,2
ORD_5418,CUST_1138,2025-03-24,Beauty,709.93,False,1
ORD_5419,CUST_1080,2025-09-19,Beauty,880.0,False,1
ORD_5420,CUST_1063,2025-01-30,Beauty,152.44,False,1
ORD_5421,CUST_1080,2025-09-15,Sports,794.79,False,1
ORD_5422,CUST_1182,2025-04-11,Sports,28.45,False,3
ORD_5423,CUST_1134,2025-03-21,Sports,322.21,False,3
ORD_5424,CUST_1188,2025-06-25,Electronics,929.14,True,2
ORD_5425,CUST_1070,2025-04-04,Electronics,326.6,False,1
ORD_5426,CUST_1128,2025-06-01,Books,441.75,False,5
ORD_5427,CUST_1043,2025-05-26,Apparel,317.31,True,3
ORD_5428,CUST_1173,2025-09-06,Electronics,285.66,False,1
ORD_5429,CUST_1004,2025-04-13,Electronics,574.04,False,2
ORD_5430,CUST_1046,2025-07-28,Electronics,670.14,False,4
ORD_5431,CUST_1058,2025-07-20,Apparel,508.26,False,3
ORD_5432,CUST_1020,2025-08-17,Home & Kitchen,156.49,False,1
ORD_5433,CUST_1046,2025-04-28,Books,1177.98,False,1
ORD_5434,CUST_1120,2025-06-24,Home & Kitchen,931.63,False,1
ORD_5435,CUST_1142,2025-03-17,Electronics,452.17,False,3
ORD_5436,CUST_1190,2025-05-22,Apparel,564.75,False,4
ORD_5437,CUST_1198,2025-05-13,Apparel,882.97,False,2
ORD_5438,CUST_1039,2025-02-26,Beauty,43.33,False,1
ORD_5439,CUST_1086,2025-06-06,Sports,460.89,False,3
ORD_5440,CUST_1027,2025-05-15,Books,1179.99,False,1
ORD_5441,CUST_1037,2025-06-13,Home & Kitchen,125.24,False,5
ORD_5442,CUST_1106,2025-06-08,Home & Kitchen,558.27,False,5
ORD_5443,CUST_1025,2025-09-02,Apparel,770.1,False,5
ORD_5444,CUST_1146,2025-05-08,Beauty,800.0,False,3
ORD_5445,CUST_1067,2025-07-03,Home & Kitchen,1112.36,False,3
ORD_5446,CUST_1082,2025-08-26,Home & Kitchen,291.83,False,2
ORD_5447,CUST_1200,2025-08-09,Books,144.13,True,2
ORD_5448,CUST_1120,2025-04-15,Beauty,158.07,False,2
ORD_5449,CUST_1116,2025-06-07,Beauty,329.03,True,1
ORD_5450,CUST_1176,2025-05-15,Sports,840.8,True,2
ORD_5451,CUST_1038,2025-02-21,Sports,309.14,False,5
ORD_5452,CUST_1013,2025-07-15,Home & Kitchen,323.3,False,1
ORD_5453,CUST_1104,2025-07-10,Beauty,673.81,False,1
ORD_5454,CUST_1119,2025-02-19,Apparel,158.92,True,1
ORD_5455,CUST_1034,2025-07-24,Beauty,456.1,False,1
ORD_5456,CUST_1150,2025-03-20,Home & Kitchen,1102.15,True,1
ORD_5457,CUST_1051,2025-09-11,Sports,540.47,False,3
ORD_5458,CUST_1032,2025-01-08,Beauty,75.01,False,4
ORD_5459,CUST_1186,2025-05-24,Beauty,49.94,False,2
ORD_5460,CUST_1091,2025-03-11,Apparel,340.85,False,2
ORD_5461,CUST_1009,2025-09-10,Books,746.12,False,4
ORD_5462,CUST_1106,2025-07-01,Books,582.65,True,2
ORD_5463,CUST_1036,2025-05-22,Apparel,776.54,False,2
ORD_5464,CUST_1162,2025-08-08,Books,956.89,False,3
ORD_5465,CUST_1123,2025-05-18,Beauty,422.68,False,3
ORD_5466,CUST_1100,2025-04-29,Apparel,45.88,False,1
ORD_5467,CUST_1200,2025-06-07,Electronics,973.25,False,3
ORD_5468,CUST_1197,2025-04-18,Apparel,1169.17,True,3
ORD_5469,CUST_1062,2025-08-04,Books,982.3,False,1
ORD_5470,CUST_1196,2025-06-15,Books,1018.11,False,3
ORD_5471,CUST_1045,2025-04-25,Apparel,717.14,False,3
ORD_5472,CUST_1152,2025-02-03,Sports,845.16,False,5
ORD_5473,CUST_1037,2025-05-25,Apparel,1006.49,False,4
ORD_5474,CUST_1139,2025-08-03,Apparel,596.17,True,1
ORD_5475,CUST_1155,2025-04-08,Electronics,638.84,True,3
ORD_5476,CUST_1052,2025-05-16,Apparel,418.8,False,3
ORD_5477,CUST_1016,2025-01-27,Apparel,710.13,False,1
ORD_5478,CUST_1135,2025-05-20,Home & Kitchen,1153.26,False,4
ORD_5479,CUST_1151,2025-07-07,Home & Kitchen,372.59,False,2
ORD_5480,CUST_1188,2025-04-28,Sports,1153.38,False,2
ORD_5481,CUST_1182,2025-06-04,Sports,1069.18,False,3
ORD_5482,CUST_1058,2025-09-02,Books,980.13,False,3
ORD_5483,CUST_1033,2025-03-05,Sports,17.13,False,5
ORD_5484,CUST_1101,2025-05-04,Books,53.37,False,5
ORD_5485,CUST_1057,2025-08-31,Books,138.37,False,3
ORD_5486,CUST_1191,2025-06-05,Apparel,425.97,False,1
ORD_5487,CUST_1182,2025-06-18,Sports,879.2,False,1
ORD_5488,CUST_1068,2025-02-17,Apparel,836.41,False,1
ORD_5489,CUST_1185,2025-01-30,Electronics,472.34,False,2
ORD_5490,CUST_1106,2025-05-13,Beauty,431.21,False,4
ORD_5491,CUST_1148,2025-05-29,Sports,282.32,False,1
ORD_5492,CUST_1076,2025-02-14,Home & Kitchen,324.44,True,2
ORD_5493,CUST_1044,2025-05-19,Beauty,205.67,True,1
ORD_5494,CUST_1087,2025-08-28,Books,1073.47,False,4
ORD_5495,CUST_1168,2025-02-19,Books,1069.36,False,1
ORD_5496,CUST_1085,2025-02-15,Apparel,500.0,False,5
ORD_5497,CUST_1068,2025-04-16,Home & Kitchen,367.42,True,2
ORD_5498,CUST_1147,2025-07-26,Beauty,197.0,False,4
ORD_5499,CUST_1023,2025-03-30,Sports,755.73,False,1
ORD_5500,CUST_1007,2025-03-04,Apparel,771.26,False,4
ORD_5501,CUST_1030,2025-07-10,Beauty,573.07,False,3
ORD_5502,CUST_1024,2025-09-07,Books,474.22,False,4
ORD_5503,CUST_1095,2025-07-07,Beauty,67.87,False,3
ORD_5504,CUST_1058,2025-09-24,Home & Kitchen,683.63,False,1
ORD_5505,CUST_1022,2025-08-18,Home & Kitchen,972.69,False,5
ORD_5506,CUST_1059,2025-06-13,Electronics,1011.34,False,4
ORD_5507,CUST_1138,2025-05-09,Beauty,693.67,False,3
ORD_5508,CUST_1021,2025-02-27,Sports,56.15,False,5
ORD_5509,CUST_1147,2025-08-11,Books,189.73,False,4
ORD_5510,CUST_1045,2025-04-24,Apparel,973.03,False,4
ORD_5511,CUST_1021,2025-04-05,Beauty,254.27,False,2
ORD_5512,CUST_1153,2025-07-28,Home & Kitchen,1094.3,False,1
ORD_5513,CUST_1023,2025-04-11,Books,485.87,False,3
ORD_5514,CUST_1134,2025-03-13,Electronics,947.06,False,5
ORD_5515,CUST_1108,2025-03-11,Beauty,192.33,False,5
ORD_5516,CUST_1195,2025-01-31,Electronics,681.78,True,2
ORD_5517,CUST_1138,2025-06-03,Home & Kitchen,1055.3,False,4
ORD_5518,CUST_1147,2025-08-02,Beauty,59.4,False,2
ORD_5519,CUST_1159,2025-06-03,Sports,836.99,True,2
ORD_5520,CUST_1177,2025-03-14,Electronics,898.71,False,3
ORD_5521,CUST_1006,2025-04-12,Home & Kitchen,383.47,False,1
ORD_5522,CUST_1059,2025-04-21,Home & Kitchen,1169.45,False,3
ORD_5523,CUST_1069,2025-06-03,Beauty,731.9,True,2
ORD_5524,CUST_1055,2025-09-16,Beauty,893.02,False,3
ORD_5525,CUST_1015,2025-03-15,Apparel,92.76,False,4
ORD_5526,CUST_1035,2025-07-28,Books,1057.01,True,1
ORD_5527,CUST_1052,2025-05-20,Electronics,310.65,False,3
ORD_5528,CUST_1181,2025-06-29,Home & Kitchen,451.5,False,4
ORD_5529,CUST_1163,2025-04-30,Electronics,822.19,False,4
ORD_5530,CUST_1153,2025-08-21,Apparel,1153.22,False,5
ORD_5531,CUST_1090,2025-04-18,Apparel,1007.62,False,1
ORD_5532,CUST_1073,2025-05-01,Beauty,73.84,False,2
ORD_5533,CUST_1057,2025-09-01,Apparel,818.07,False,4
ORD_5534,CUST_1132,2025-05-10,Sports,25.54,False,2
ORD_5535,CUST_1154,2025-08-29,Electronics,280.17,False,3
ORD_5536,CUST_1183,2025-08-05,Sports,341.32,False,3
ORD_5537,CUST_1118,2025-04-11,Apparel,568.04,False,5
ORD_5538,CUST_1102,2025-05-14,Electronics,23.71,False,3
ORD_5539,CUST_1144,2025-06-30,Books,736.72,False,1
ORD_5540,CUST_1124,2025-06-08,Home & Kitchen,1186.21,False,3
ORD_5541,CUST_1067,2025-06-08,Sports,1143.34,False,2
ORD_5542,CUST_1039,2025-05-03,Apparel,1081.13,False,5
ORD_5543,CUST_1104,2025-06-15,Home & Kitchen,821.7,False,4
ORD_5544,CUST_1076,2025-03-17,Beauty,494.45,False,5
ORD_5545,CUST_1182,2025-06-06,Apparel,421.65,False,5
ORD_5546,CUST_1164,2025-06-18,Beauty,1089.23,False,5
ORD_5547,CUST_1077,2025-07-23,Apparel,1011.16,False,2
ORD_5548,CUST_1076,2025-02-24,Beauty,166.61,False,5
ORD_5549,CUST_1196,2025-09-11,Apparel,1137.1,False,1
ORD_5550,CUST_1057,2025-07-26,Apparel,896.89,False,3
ORD_5551,CUST_1096,2025-07-30,Books,363.45,False,4
ORD_5552,CUST_1014,2025-04-30,Sports,706.54,False,1
ORD_5553,CUST_1121,2025-09-15,Apparel,608.07,False,4
ORD_5554,CUST_1136,2025-03-20,Beauty,79.06,False,2
ORD_5555,CUST_1052,2025-03-17,Beauty,1184.82,False,4
ORD_5556,CUST_1037,2025-04-23,Sports,228.72,True,2
ORD_5557,CUST_1162,2025-05-20,Home & Kitchen,766.88,True,2
ORD_5558,CUST_1054,2025-04-29,Apparel,697.89,False,1
ORD_5559,CUST_1034,2025-09-15,Beauty,765.68,False,4
ORD_5560,CUST_1099,2025-06-26,Electronics,647.53,False,1
ORD_5561,CUST_1083,2025-09-29,Books,240.83,False,2
ORD_5562,CUST_1058,2025-09-05,Home & Kitchen,384.83,True,3
ORD_5563,CUST_1151,2025-08-03,Apparel,92.37,True,2
ORD_5564,CUST_1117,2025-05-11,Books,721.7,False,2
ORD_5565,CUST_1088,2025-06-09,Beauty,440.71,False,4
ORD_5566,CUST_1005,2025-04-03,Apparel,876.7,False,1
ORD_5567,CUST_1151,2025-08-28,Apparel,160.95,False,1
ORD_5568,CUST_1097,2025-09-13,Sports,318.11,False,1
ORD_5569,CUST_1153,2025-07-01,Sports,143.11,False,1
ORD_5570,CUST_1177,2025-02-26,Beauty,541.51,False,3
ORD_5571,CUST_1122,2025-08-16,Apparel,258.51,False,1
ORD_5572,CUST_1078,2025-05-25,Sports,134.66,False,5
ORD_5573,CUST_1156,2025-09-12,Apparel,511.31,False,5
ORD_5574,CUST_1185,2025-04-19,Electronics,350.01,False,4
ORD_5575,CUST_1051,2025-08-04,Apparel,936.88,False,2
ORD_5576,CUST_1092,2025-07-29,Beauty,364.99,True,2
ORD_5577,CUST_1054,2025-04-20,Beauty,406.77,True,3
ORD_5578,CUST_1023,2025-06-17,Electronics,1004.75,False,2
ORD_5579,CUST_1024,2025-09-24,Books,103.93,False,3
ORD_5580,CUST_1165,2025-06-08,Beauty,1186.57,False,4
ORD_5581,CUST_1013,2025-05-02,Apparel,1050.86,False,3
ORD_5582,CUST_1174,2025-04-02,Beauty,890.17,True,1
ORD_5583,CUST_1003,2025-04-27,Apparel,801.08,False,3
ORD_5584,CUST_1113,2025-07-27,Home & Kitchen,1055.99,True,2
ORD_5585,CUST_1047,2025-06-19,Beauty,489.3,False,4
ORD_5586,CUST_1177,2025-05-31,Beauty,962.88,False,2
ORD_5587,CUST_1029,2025-05-12,Sports,875.8,False,2
ORD_5588,CUST_1027,2025-06-11,Books,586.97,False,4
ORD_5589,CUST_1047,2025-08-22,Beauty,938.31,False,2
ORD_5590,CUST_1124,2025-09-25,Beauty,148.83,False,1
ORD_5591,CUST_1017,2025-03-31,Sports,387.37,False,5
ORD_5592,CUST_1197,2025-05-09,Books,872.67,False,3
ORD_5593,CUST_1133,2025-04-01,Sports,845.19,True,3
ORD_5594,CUST_1187,2025-04-21,Beauty,424.71,False,4
ORD_5595,CUST_1039,2025-06-13,Books,1072.09,False,1
ORD_5596,CUST_1165,2025-09-06,Apparel,614.1,False,4
ORD_5597,CUST_1043,2025-04-18,Beauty,394.95,False,3
ORD_5598,CUST_1013,2025-06-23,Apparel,667.34,False,2
ORD_5599,CUST_1021,2025-03-07,Beauty,964.49,False,4
ORD_5600,CUST_1115,2025-07-25,Electronics,1177.09,False,1
